{
  "Ansi 5 Color" : {
    "Red Component" : 0.86276382207870483,
    "Color Space" : "sRGB",
    "Blue Component" : 0.41565030813217163,
    "Alpha Component" : 1,
    "Green Component" : 0.2235507071018219
  },
  "Tags" : [

  ],
  "Ansi 12 Color" : {
    "Red Component" : 0,
    "Color Space" : "sRGB",
    "Blue Component" : 0.9038047194480896,
    "Alpha Component" : 1,
    "Green Component" : 0.86292660236358643
  },
  "Use Custom Tab Title" : false,
  "Ansi 7 Color" : {
    "Red Component" : 0.94695359468460083,
    "Color Space" : "sRGB",
    "Blue Component" : 0.9469638466835022,
    "Alpha Component" : 1,
    "Green Component" : 0.94697576761245728
  },
  "Bold Color" : {
    "Red Component" : 1,
    "Color Space" : "sRGB",
    "Blue Component" : 0.98970228433609009,
    "Alpha Component" : 1,
    "Green Component" : 0.99217361211776733
  },
  "Ansi 8 Color" : {
    "Red Component" : 0.28623765707015991,
    "Color Space" : "sRGB",
    "Blue Component" : 0.38426321744918823,
    "Alpha Component" : 1,
    "Green Component" : 0.31766852736473083
  },
  "Ansi 9 Color" : {
    "Red Component" : 0.99585312604904175,
    "Color Space" : "sRGB",
    "Blue Component" : 0.63313663005828857,
    "Alpha Component" : 1,
    "Green Component" : 0.61977154016494751
  },
  "Ansi 6 Color" : {
    "Red Component" : 0.13146084547042847,
    "Color Space" : "sRGB",
    "Blue Component" : 0.8784831166267395,
    "Alpha Component" : 1,
    "Green Component" : 0.9115327000617981
  },
  "Rows" : 25,
  "Default Bookmark" : "No",
  "Ansi 4 Color" : {
    "Red Component" : 0,
    "Color Space" : "sRGB",
    "Blue Component" : 0.77539461851119995,
    "Alpha Component" : 1,
    "Green Component" : 0.70183724164962769
  },
  "Cursor Guide Color" : {
    "Red Component" : 0.70213186740875244,
    "Color Space" : "sRGB",
    "Blue Component" : 1,
    "Alpha Component" : 0.039215686274509803,
    "Green Component" : 0.9268307089805603
  },
  "Non-ASCII Anti Aliased" : true,
  "Use Bright Bold" : true,
  "Ansi 10 Color" : {
    "Red Component" : 0.59597164392471313,
    "Color Space" : "sRGB",
    "Blue Component" : 0.47444945573806763,
    "Alpha Component" : 1,
    "Green Component" : 0.76474422216415405
  },
  "Ambiguous Double Width" : false,
  "Jobs to Ignore" : [
    "rlogin",
    "ssh",
    "slogin",
    "telnet"
  ],
  "Ansi 15 Color" : {
    "Red Component" : 0.99999600648880005,
    "Color Space" : "sRGB",
    "Blue Component" : 1,
    "Alpha Component" : 1,
    "Green Component" : 1
  },
  "Foreground Color" : {
    "Red Component" : 0.79992932081222534,
    "Color Space" : "sRGB",
    "Blue Component" : 0.79990392923355103,
    "Alpha Component" : 1,
    "Green Component" : 0.80004531145095825
  },
  "Bound Hosts" : [

  ],
  "Working Directory" : "\/Users\/jananichinnam",
  "Blinking Cursor" : false,
  "Disable Window Resizing" : true,
  "Sync Title" : false,
  "Prompt Before Closing 2" : false,
  "BM Growl" : true,
  "Command" : "",
  "Description" : "Default",
  "Mouse Reporting" : true,
  "Screen" : -1,
  "Selection Color" : {
    "Red Component" : 0.13333648443222046,
    "Color Space" : "sRGB",
    "Blue Component" : 0.14507603645324707,
    "Alpha Component" : 1,
    "Green Component" : 0.019615406170487404
  },
  "Only The Default BG Color Uses Transparency" : false,
  "Columns" : 80,
  "Idle Code" : 0,
  "Ansi 13 Color" : {
    "Red Component" : 0.96999675035476685,
    "Color Space" : "sRGB",
    "Blue Component" : 0.55540138483047485,
    "Alpha Component" : 1,
    "Green Component" : 0.47808587551116943
  },
  "Title Components" : 1,
  "Custom Command" : "No",
  "ASCII Anti Aliased" : true,
  "Non Ascii Font" : "Monaco 12",
  "Vertical Spacing" : 1,
  "Use Bold Font" : true,
  "Option Key Sends" : 0,
  "Selected Text Color" : {
    "Red Component" : 0.95825737714767456,
    "Color Space" : "sRGB",
    "Blue Component" : 0.95826774835586548,
    "Alpha Component" : 1,
    "Green Component" : 0.95827978849411011
  },
  "Background Color" : {
    "Red Component" : 0.024180475622415543,
    "Color Space" : "sRGB",
    "Blue Component" : 0.024076905101537704,
    "Alpha Component" : 1,
    "Green Component" : 0.024416320025920868
  },
  "Character Encoding" : 4,
  "Ansi 11 Color" : {
    "Red Component" : 0.97785872220993042,
    "Color Space" : "sRGB",
    "Blue Component" : 0.41858693957328796,
    "Alpha Component" : 1,
    "Green Component" : 0.89434021711349487
  },
  "Use Italic Font" : true,
  "Unlimited Scrollback" : false,
  "Keyboard Map" : {
    "0xf700-0x260000" : {
      "Action" : 10,
      "Text" : "[1;6A"
    },
    "0x37-0x40000" : {
      "Action" : 11,
      "Text" : "0x1f"
    },
    "0x32-0x40000" : {
      "Action" : 11,
      "Text" : "0x00"
    },
    "0xf709-0x20000" : {
      "Action" : 10,
      "Text" : "[17;2~"
    },
    "0xf70c-0x20000" : {
      "Action" : 10,
      "Text" : "[20;2~"
    },
    "0xf729-0x20000" : {
      "Action" : 10,
      "Text" : "[1;2H"
    },
    "0xf72b-0x40000" : {
      "Action" : 10,
      "Text" : "[1;5F"
    },
    "0xf705-0x20000" : {
      "Action" : 10,
      "Text" : "[1;2Q"
    },
    "0xf703-0x260000" : {
      "Action" : 10,
      "Text" : "[1;6C"
    },
    "0xf700-0x220000" : {
      "Action" : 10,
      "Text" : "[1;2A"
    },
    "0xf701-0x280000" : {
      "Action" : 11,
      "Text" : "0x1b 0x1b 0x5b 0x42"
    },
    "0x38-0x40000" : {
      "Action" : 11,
      "Text" : "0x7f"
    },
    "0x33-0x40000" : {
      "Action" : 11,
      "Text" : "0x1b"
    },
    "0xf703-0x220000" : {
      "Action" : 10,
      "Text" : "[1;2C"
    },
    "0xf701-0x240000" : {
      "Action" : 10,
      "Text" : "[1;5B"
    },
    "0xf70d-0x20000" : {
      "Action" : 10,
      "Text" : "[21;2~"
    },
    "0xf702-0x260000" : {
      "Action" : 10,
      "Text" : "[1;6D"
    },
    "0xf729-0x40000" : {
      "Action" : 10,
      "Text" : "[1;5H"
    },
    "0xf706-0x20000" : {
      "Action" : 10,
      "Text" : "[1;2R"
    },
    "0x34-0x40000" : {
      "Action" : 11,
      "Text" : "0x1c"
    },
    "0xf700-0x280000" : {
      "Action" : 11,
      "Text" : "0x1b 0x1b 0x5b 0x41"
    },
    "0x2d-0x40000" : {
      "Action" : 11,
      "Text" : "0x1f"
    },
    "0xf70e-0x20000" : {
      "Action" : 10,
      "Text" : "[23;2~"
    },
    "0xf702-0x220000" : {
      "Action" : 10,
      "Text" : "[1;2D"
    },
    "0xf703-0x280000" : {
      "Action" : 11,
      "Text" : "0x1b 0x1b 0x5b 0x43"
    },
    "0xf700-0x240000" : {
      "Action" : 10,
      "Text" : "[1;5A"
    },
    "0xf707-0x20000" : {
      "Action" : 10,
      "Text" : "[1;2S"
    },
    "0xf70a-0x20000" : {
      "Action" : 10,
      "Text" : "[18;2~"
    },
    "0x35-0x40000" : {
      "Action" : 11,
      "Text" : "0x1d"
    },
    "0xf70f-0x20000" : {
      "Action" : 10,
      "Text" : "[24;2~"
    },
    "0xf703-0x240000" : {
      "Action" : 10,
      "Text" : "[1;5C"
    },
    "0xf701-0x260000" : {
      "Action" : 10,
      "Text" : "[1;6B"
    },
    "0xf702-0x280000" : {
      "Action" : 11,
      "Text" : "0x1b 0x1b 0x5b 0x44"
    },
    "0xf72b-0x20000" : {
      "Action" : 10,
      "Text" : "[1;2F"
    },
    "0x36-0x40000" : {
      "Action" : 11,
      "Text" : "0x1e"
    },
    "0xf708-0x20000" : {
      "Action" : 10,
      "Text" : "[15;2~"
    },
    "0xf701-0x220000" : {
      "Action" : 10,
      "Text" : "[1;2B"
    },
    "0xf70b-0x20000" : {
      "Action" : 10,
      "Text" : "[19;2~"
    },
    "0xf702-0x240000" : {
      "Action" : 10,
      "Text" : "[1;5D"
    },
    "0xf704-0x20000" : {
      "Action" : 10,
      "Text" : "[1;2P"
    }
  },
  "Window Type" : 0,
  "Blur Radius" : 13.258597084910596,
  "Background Image Location" : "",
  "Blur" : true,
  "Badge Color" : {
    "Red Component" : 1,
    "Color Space" : "sRGB",
    "Blue Component" : 0,
    "Alpha Component" : 0.5,
    "Green Component" : 0.1491314172744751
  },
  "Scrollback Lines" : 1000,
  "Send Code When Idle" : false,